id,job_id,title,company,location,date_posted,url
1,1093848,Werkstudent in Projektmanagement &amp; Client Service,applike group,Hamburg,2025-08-18T16:00:30+00:00,https://remoteOK.com/remote-jobs/remote-werkstudent-in-projektmanagement-amp-client-service-applike-group-1093848
2,1093847,IT Service Desk Manager,Viseven,Kyiv,2025-08-18T16:00:22+00:00,https://remoteOK.com/remote-jobs/remote-it-service-desk-manager-viseven-1093847
3,1093846,Senior Full Stack Engineer,Snowplow Analytics,Poland,2025-08-18T16:00:15+00:00,https://remoteOK.com/remote-jobs/remote-senior-full-stack-engineer-snowplow-analytics-1093846
4,1093845,Junior Network Engineer,Kyivstar,All,2025-08-18T16:00:09+00:00,https://remoteOK.com/remote-jobs/remote-junior-network-engineer-kyivstar-1093845
5,1093844,Principal Engineer,Find,Remote,2025-08-18T15:00:10+00:00,https://remoteOK.com/remote-jobs/remote-principal-engineer-find-1093844
6,1093843,Lead Site Reliability Engineer,Livepeer,Remote,2025-08-18T11:47:32+00:00,https://remoteOK.com/remote-jobs/remote-lead-site-reliability-engineer-livepeer-1093843
7,1093842,Web Developer,Sensor Tower,London,2025-08-17T23:00:02+00:00,https://remoteOK.com/remote-jobs/remote-web-developer-sensor-tower-1093842
8,1093841,Finance Expert,Benture,Remote,2025-08-17T18:15:41+00:00,https://remoteOK.com/remote-jobs/remote-finance-expert-benture-1093841
9,1093838,Senior Cloud Services Software Engineer,2100 NVIDIA USA,"US, CA, Santa Clara",2025-08-17T16:00:03+00:00,https://remoteOK.com/remote-jobs/remote-senior-cloud-services-software-engineer-2100-nvidia-usa-1093838
10,1093837,Technical Support Specialist,Insider.,"Taipei, Taiwan",2025-08-17T08:00:05+00:00,https://remoteOK.com/remote-jobs/remote-technical-support-specialist-insider-1093837
11,1093836,AI Prompt Engineer,ActiveCampaign,Remote,2025-08-17T08:00:02+00:00,https://remoteOK.com/remote-jobs/remote-ai-prompt-engineer-activecampaign-1093836
12,1093833,Blockchain Developer,Coin Market Cap Ltd,Hong Kong,2025-08-16T23:00:02+00:00,https://remoteOK.com/remote-jobs/remote-blockchain-developer-coin-market-cap-ltd-1093833
13,1093831,Virtual Medical Assistant,Heartbeat Health,remote,2025-08-16T12:00:10+00:00,https://remoteOK.com/remote-jobs/remote-virtual-medical-assistant-heartbeat-health-1093831
14,1093830,Customer Success Manager,PeopleGrove,Remote,2025-08-16T12:00:03+00:00,https://remoteOK.com/remote-jobs/remote-customer-success-manager-peoplegrove-1093830
15,1093829,Crypto Community Manager,Stronghold,Remote,2025-08-16T00:00:05+00:00,https://remoteOK.com/remote-jobs/remote-crypto-community-manager-stronghold-1093829
16,1093828,Senior Staff Ruby on Rails Engineer,Housecall Pro,Remote,2025-08-15T21:43:41+00:00,https://remoteOK.com/remote-jobs/remote-senior-staff-ruby-on-rails-engineer-housecall-pro-1093828
17,1093825,Senior DevOps Engineer,Echo Base,Remote,2025-08-15T09:00:03+00:00,https://remoteOK.com/remote-jobs/remote-senior-devops-engineer-echo-base-1093825
18,1093808,BD Manager,Powered by Pioneer,Remote,2025-08-14T09:00:03+00:00,https://remoteOK.com/remote-jobs/remote-bd-manager-powered-by-pioneer-1093808
19,1093807,Senior Elixir Engineer,Sanctuary Computer,Remote,2025-08-13T16:32:35+00:00,https://remoteOK.com/remote-jobs/remote-senior-elixir-engineer-sanctuary-computer-1093807
20,1093806,Data Analyst,P2P. org,Delhi,2025-08-13T15:00:02+00:00,https://remoteOK.com/remote-jobs/remote-data-analyst-p2p-org-1093806
21,1093805,Senior Staff Security Engineer,Ethena Labs,Globally Remote,2025-08-13T14:00:03+00:00,https://remoteOK.com/remote-jobs/remote-senior-staff-security-engineer-ethena-labs-1093805
22,1093804,VIP Support Manager,GoMining,Remote,2025-08-13T11:00:02+00:00,https://remoteOK.com/remote-jobs/remote-vip-support-manager-gomining-1093804
23,1093803,Public Training Associate,The Trevor Project,Remote - United States,2025-08-13T00:00:18+00:00,https://remoteOK.com/remote-jobs/remote-public-training-associate-the-trevor-project-1093803
24,1093802,FullStack Engineer,NTD software,Latin America,2025-08-12T22:00:02+00:00,https://remoteOK.com/remote-jobs/remote-fullstack-engineer-ntd-software-1093802
25,1093801,Cryptocurrency Reporter,Find,Remote,2025-08-12T17:00:03+00:00,https://remoteOK.com/remote-jobs/remote-cryptocurrency-reporter-find-1093801
26,1093799,Character Concept Artist,Bonfire Studios,United States,2025-08-12T00:00:06+00:00,https://remoteOK.com/remote-jobs/remote-character-concept-artist-bonfire-studios-1093799
27,1093798,Strategy Manager,Coins.ph,"Taguig City, Metro Manila, Philippines",2025-08-11T17:00:03+00:00,https://remoteOK.com/remote-jobs/remote-strategy-manager-coins-ph-1093798
28,1093797,Content &amp; Social Lead,Aragon,Remote - Anywhere,2025-08-11T10:00:04+00:00,https://remoteOK.com/remote-jobs/remote-content-amp-social-lead-aragon-1093797
29,1093795,Mobile Developer,The Biz Conquest,Remote,2025-08-10T22:38:08+00:00,https://remoteOK.com/remote-jobs/remote-mobile-developer-the-biz-conquest-1093795
30,1093794,Backend Software Engineer Client Group,Virta Health,Remote,2025-08-10T19:00:05+00:00,https://remoteOK.com/remote-jobs/remote-backend-software-engineer-client-group-virta-health-1093794
31,1093793,Senior Backend Engineer,Deblock,Remote,2025-08-10T18:15:02+00:00,https://remoteOK.com/remote-jobs/remote-senior-backend-engineer-deblock-1093793
32,1093792,Payment QR Code from Eye AI,CrowdGen by Appen,India,2025-08-10T16:00:08+00:00,https://remoteOK.com/remote-jobs/remote-payment-qr-code-from-eye-ai-crowdgen-by-appen-1093792
33,1093789,Automation Engineer UI Quality Assurance,Machinify,Palo Alto,2025-08-09T16:00:03+00:00,https://remoteOK.com/remote-jobs/remote-automation-engineer-ui-quality-assurance-machinify-1093789
34,1093781,Developer Relations Engineer,Arbitrum Foundation,Europe,2025-08-08T13:00:04+00:00,https://remoteOK.com/remote-jobs/remote-developer-relations-engineer-arbitrum-foundation-1093781
35,1093780,Customer Experience Associate,Koala Health,Remote,2025-08-08T12:00:11+00:00,https://remoteOK.com/remote-jobs/remote-customer-experience-associate-koala-health-1093780
36,1093779,Human Resources Associate Mid level,CoinGecko,Remote,2025-08-08T10:00:07+00:00,https://remoteOK.com/remote-jobs/remote-human-resources-associate-mid-level-coingecko-1093779
37,1093777,Backend Software Engineer,Prophet Security,Remote,2025-08-07T18:15:03+00:00,https://remoteOK.com/remote-jobs/remote-backend-software-engineer-prophet-security-1093777
38,1093776,Senior Software Engineer,lakeFS,Remote,2025-08-07T14:15:03+00:00,https://remoteOK.com/remote-jobs/remote-senior-software-engineer-lakefs-1093776
39,1093775,Product Engineer,Tolt,Remote,2025-08-07T13:50:36+00:00,https://remoteOK.com/remote-jobs/remote-product-engineer-tolt-1093775
40,1093774,Connected Care Assistant,Included Health,Remote,2025-08-07T13:00:02+00:00,https://remoteOK.com/remote-jobs/remote-connected-care-assistant-included-health-1093774
41,1093771,Customer Care Advisor,GoodLeap,Remote,2025-08-06T19:00:02+00:00,https://remoteOK.com/remote-jobs/remote-customer-care-advisor-goodleap-1093771
42,1093770,Senior Backend Engineer,Monzo,Remote,2025-08-06T18:15:03+00:00,https://remoteOK.com/remote-jobs/remote-senior-backend-engineer-monzo-1093770
43,1093768,$2.000+ monthly LinkedIn DM reply Job USA TIMEZONE,Executive Bootcamp,Remote,2025-08-06T15:28:45+00:00,https://remoteOK.com/remote-jobs/remote-2-000-monthly-linkedin-dm-reply-job-usa-timezone-executive-bootcamp-1093768
44,1093766,DevOps Engineer,InfStones,Texas,2025-08-06T11:00:02+00:00,https://remoteOK.com/remote-jobs/remote-devops-engineer-infstones-1093766
45,1093765,Technical Writer,Peach Finance,Remote,2025-08-06T10:00:04+00:00,https://remoteOK.com/remote-jobs/remote-technical-writer-peach-finance-1093765
46,1093764,Senior Full Stack Engineer,FetLife,Remote,2025-08-06T09:48:22+00:00,https://remoteOK.com/remote-jobs/remote-senior-full-stack-engineer-fetlife-1093764
47,1093763,Customer Support Engineer I Intern,CloudWalk,Remote,2025-08-05T08:00:02+00:00,https://remoteOK.com/remote-jobs/remote-customer-support-engineer-i-intern-cloudwalk-1093763
48,1093761,Account Executive,CoinGecko,Remote,2025-08-04T21:00:04+00:00,https://remoteOK.com/remote-jobs/remote-account-executive-coingecko-1093761
49,1093760,,,Remote,2025-08-04T18:00:06+00:00,https://remoteOK.com/remote-jobs/remote-1093760
50,1093756,Medical Record Specialist,Accompany Health,United States,2025-08-01T16:00:09+00:00,https://remoteOK.com/remote-jobs/remote-medical-record-specialist-accompany-health-1093756
51,1093753,Blockchain Security Expert AI Track,CertiK,US / Remote,2025-08-01T09:00:02+00:00,https://remoteOK.com/remote-jobs/remote-blockchain-security-expert-ai-track-certik-1093753
52,1093752,Growth Marketing Lead,Anchorage Digital,United States,2025-08-01T08:00:05+00:00,https://remoteOK.com/remote-jobs/remote-growth-marketing-lead-anchorage-digital-1093752
53,1093751,Senior Backend Engineer,Mozilla Corporation,Remote,2025-07-31T17:15:03+00:00,https://remoteOK.com/remote-jobs/remote-senior-backend-engineer-mozilla-corporation-1093751
54,1093750,Data Engineer,Nomi Health,"Austin, Texas",2025-07-31T00:00:10+00:00,https://remoteOK.com/remote-jobs/remote-data-engineer-nomi-health-1093750
55,1093749,Associate Director Clinical Monitoring,WEP Clinical ,"Remote, US",2025-07-30T16:00:10+00:00,https://remoteOK.com/remote-jobs/remote-associate-director-clinical-monitoring-wep-clinical-1093749
56,1093747,Social Programs Manager,One Medical,"Houston, TX",2025-07-30T00:00:07+00:00,https://remoteOK.com/remote-jobs/remote-social-programs-manager-one-medical-1093747
57,1093746,Chargeback Analyst,CloudWalk,SÃ£o Paulo,2025-07-29T22:00:02+00:00,https://remoteOK.com/remote-jobs/remote-chargeback-analyst-cloudwalk-1093746
58,1093744,Principal Software Engineer,CEF.Ai,Remote,2025-07-29T13:16:27+00:00,https://remoteOK.com/remote-jobs/remote-principal-software-engineer-cef-ai-1093744
59,1093743,,,Remote,2025-07-29T13:00:02+00:00,https://remoteOK.com/remote-jobs/remote-1093743
60,1093742,Korean Japanese Lyric Transliteration Reviewer,Welo Data,Remote,2025-07-29T11:17:10+00:00,https://remoteOK.com/remote-jobs/remote-korean-japanese-lyric-transliteration-reviewer-welo-data-1093742
61,1093740,Staff Software Engineer Backend,Socure,Carson City,2025-07-28T18:00:04+00:00,https://remoteOK.com/remote-jobs/remote-staff-software-engineer-backend-socure-1093740
62,1093739,Senior DevOps Engineer,Inkitt,Remote Mexico City,2025-07-28T12:00:03+00:00,https://remoteOK.com/remote-jobs/remote-senior-devops-engineer-inkitt-1093739
63,1093738,Software engineer,Sticker Mule,Remote,2025-07-28T09:46:06+00:00,https://remoteOK.com/remote-jobs/remote-software-engineer-sticker-mule-1093738
64,1093737,KYC Ops Leader,Coins.ph,"Taguig City, Metro Manila, Philippines",2025-07-28T08:00:03+00:00,https://remoteOK.com/remote-jobs/remote-kyc-ops-leader-coins-ph-1093737
65,1093735,Senior Android Engineer,Tala,Remote-India,2025-07-27T21:00:03+00:00,https://remoteOK.com/remote-jobs/remote-senior-android-engineer-tala-1093735
66,1093729,Aprio Canada National Tax Office Leader Senior Tax Director,Aprio,Toronto,2025-07-26T08:00:07+00:00,https://remoteOK.com/remote-jobs/remote-aprio-canada-national-tax-office-leader-senior-tax-director-aprio-1093729
67,1093725,Associate Data Engineer,Sayari,United States,2025-07-25T18:00:04+00:00,https://remoteOK.com/remote-jobs/remote-associate-data-engineer-sayari-1093725
68,1093722,Paid Media Data Analyst,CloudWalk,Brasilia,2025-07-25T13:00:01+00:00,https://remoteOK.com/remote-jobs/remote-paid-media-data-analyst-cloudwalk-1093722
69,1093713,Senior Software Engineer Backend,Allocate,California,2025-07-25T07:00:02+00:00,https://remoteOK.com/remote-jobs/remote-senior-software-engineer-backend-allocate-1093713
70,1093712,Web Developer,MailerLite,Remote,2025-07-25T05:27:01+00:00,https://remoteOK.com/remote-jobs/remote-web-developer-mailerlite-1093712
71,1093708,Account Strategist,Smartbug Media,"Remote, United States",2025-07-24T00:00:25+00:00,https://remoteOK.com/remote-jobs/remote-account-strategist-smartbug-media-1093708
72,1093707,Associate Customer Success Manager,COMPLY,United States,2025-07-24T00:00:17+00:00,https://remoteOK.com/remote-jobs/remote-associate-customer-success-manager-comply-1093707
73,1093706,Account Executive Enterprise,Panopto,Remote - US,2025-07-24T00:00:08+00:00,https://remoteOK.com/remote-jobs/remote-account-executive-enterprise-panopto-1093706
74,1093704,Sales Development Representative,Harkla,Remote,2025-07-23T21:21:11+00:00,https://remoteOK.com/remote-jobs/remote-sales-development-representative-harkla-1093704
75,1093703,Senior Front End Engineer,AscendEX,Remote,2025-07-23T21:00:03+00:00,https://remoteOK.com/remote-jobs/remote-senior-front-end-engineer-ascendex-1093703
76,1093701,Business Data Analyst,Coin Market Cap Ltd,Remote,2025-07-23T14:00:04+00:00,https://remoteOK.com/remote-jobs/remote-business-data-analyst-coin-market-cap-ltd-1093701
77,1093700,Infrastructure,Backpack ,Remote,2025-07-23T13:00:02+00:00,https://remoteOK.com/remote-jobs/remote-infrastructure-backpack-1093700
78,1093699,Software Engineer Data Infrastructure & Acquisition,Speechify,Remote,2025-07-23T12:07:09+00:00,https://remoteOK.com/remote-jobs/remote-software-engineer-data-infrastructure-acquisition-speechify-1093699
79,1093698,Software Engineer II Full Stack,Greenlight Financial Technology,Atlanta (Remote Friendly),2025-07-23T04:00:03+00:00,https://remoteOK.com/remote-jobs/remote-software-engineer-ii-full-stack-greenlight-financial-technology-1093698
80,1093697,Associate Creative Director,Right Side Up,"Austin, TX",2025-07-23T00:00:22+00:00,https://remoteOK.com/remote-jobs/remote-associate-creative-director-right-side-up-1093697
81,1093696,Revenue Operations Manager,AFAR,"New York, NY",2025-07-23T00:00:16+00:00,https://remoteOK.com/remote-jobs/remote-revenue-operations-manager-afar-1093696
82,1093694,Fullstack Golang Engineer,Discern,Remote,2025-07-22T16:15:03+00:00,https://remoteOK.com/remote-jobs/remote-fullstack-golang-engineer-discern-1093694
83,1093692,C C++ Linux developer,Tempesta Technologies,Remote,2025-07-22T12:17:28+00:00,https://remoteOK.com/remote-jobs/remote-c-c-linux-developer-tempesta-technologies-1093692
84,1093691,Content led Marketer,Melapress,Remote,2025-07-22T11:26:10+00:00,https://remoteOK.com/remote-jobs/remote-content-led-marketer-melapress-1093691
85,1093690,WordPress Plugins & Themes developer,Melapress,Remote,2025-07-22T09:40:58+00:00,https://remoteOK.com/remote-jobs/remote-wordpress-plugins-themes-developer-melapress-1093690
86,1093689,Marketing Lead,The Block,Remote within United States,2025-07-22T09:00:03+00:00,https://remoteOK.com/remote-jobs/remote-marketing-lead-the-block-1093689
87,1093688,Intelligence &amp; Research Analyst,Clipbook,Remote,2025-07-22T08:00:07+00:00,https://remoteOK.com/remote-jobs/remote-intelligence-amp-research-analyst-clipbook-1093688
88,1093686,Government Relations Officer,Injective Labs,Remote,2025-07-22T02:00:03+00:00,https://remoteOK.com/remote-jobs/remote-government-relations-officer-injective-labs-1093686
89,1093682,Software Engineer II Full Stack,Greenlight Financial Technology,Atlanta (Remote Friendly),2025-07-21T18:00:05+00:00,https://remoteOK.com/remote-jobs/remote-software-engineer-ii-full-stack-greenlight-financial-technology-1093682
90,1093681,UI UX Product Designer,Crewvision,Remote,2025-07-21T17:59:54+00:00,https://remoteOK.com/remote-jobs/remote-ui-ux-product-designer-crewvision-1093681
91,1093680,Admin and Support Specialist With Love for Writing,Interaction Design Foundation,Remote,2025-07-21T10:40:34+00:00,https://remoteOK.com/remote-jobs/remote-admin-and-support-specialist-with-love-for-writing-interaction-design-foundation-1093680
92,1093679,Crypto Compliance Project Manager,dLocal,Remote,2025-07-21T09:00:02+00:00,https://remoteOK.com/remote-jobs/remote-crypto-compliance-project-manager-dlocal-1093679
93,1093678,Head of CRM,OANDA Europe Ltd.,London,2025-07-21T05:00:03+00:00,https://remoteOK.com/remote-jobs/remote-head-of-crm-oanda-europe-ltd-1093678
94,1093677,Content Producer Technical Content Engineer Junior Dev,Private.Ki,Remote,2025-07-21T03:24:56+00:00,https://remoteOK.com/remote-jobs/remote-content-producer-technical-content-engineer-junior-dev-private-ki-1093677
95,1093673,Executive Assistant &amp; Office Manager,Sword Health,Lisboa,2025-07-20T00:00:07+00:00,https://remoteOK.com/remote-jobs/remote-executive-assistant-amp-office-manager-sword-health-1093673
